User Input,Bot Response
hello,Hi there! Need any help?
what is your name,I'm your virtual assistant. How can I help?
what are common cold symptoms,"Sneezing, runny nose, and sore throat."
best exercises for weight loss,"Cardio, strength training, and HIIT workouts."
hi,Hello! How can I assist you today?
what's up,"Not much, just here to assist you!"
how do I stay healthy,"Eat well, exercise regularly, and sleep well!"
best exercises for weight loss,"Cardio, strength training, and HIIT workouts."
hi,Hello! How can I assist you today?
how old are you,"I don't age, but I keep getting smarter every day!"
how to relieve stress,"Try meditation, deep breathing, and regular exercise."
best exercises for weight loss,"Cardio, strength training, and HIIT workouts."
good morning,Good morning! How’s your day going?
what's up,"Not much, just here to assist you!"
how to relieve stress,"Try meditation, deep breathing, and regular exercise."
how to treat a sore throat,Gargle with warm salt water and drink honey tea.
hey,Hey! What can I do for you?
what is your name,I'm your virtual assistant. How can I help?
what are the signs of flu,"Fever, chills, body aches, and fatigue."
best foods for digestion,"Fiber-rich foods like oats, bananas, and yogurt."
hey,Hey! What can I do for you?
what is your name,I'm your virtual assistant. How can I help?
what are the signs of flu,"Fever, chills, body aches, and fatigue."
what to do for a headache,"Drink water, rest, and avoid screen time."
hi,Hello! How can I assist you today?
what's up,"Not much, just here to assist you!"
what are the signs of flu,"Fever, chills, body aches, and fatigue."
best exercises for weight loss,"Cardio, strength training, and HIIT workouts."
good evening,Good evening! How can I assist you?
what's up,"Not much, just here to assist you!"
how do I stay healthy,"Eat well, exercise regularly, and sleep well!"
how to sleep better,"Reduce screen time, maintain a sleep schedule, and relax before bed."
good evening,Good evening! How can I assist you?
who created you,I was built by an amazing developer to assist you!
what are common cold symptoms,"Sneezing, runny nose, and sore throat."
how to treat a sore throat,Gargle with warm salt water and drink honey tea.
hey,Hey! What can I do for you?
who created you,I was built by an amazing developer to assist you!
what are common cold symptoms,"Sneezing, runny nose, and sore throat."
how to treat a sore throat,Gargle with warm salt water and drink honey tea.
hello,Hi there! Need any help?
what is your name,I'm your virtual assistant. How can I help?
how to relieve stress,"Try meditation, deep breathing, and regular exercise."
how to sleep better,"Reduce screen time, maintain a sleep schedule, and relax before bed."
good morning,Good morning! How’s your day going?
what is your name,I'm your virtual assistant. How can I help?
what are the signs of flu,"Fever, chills, body aches, and fatigue."
best foods for digestion,"Fiber-rich foods like oats, bananas, and yogurt."
hey,Hey! What can I do for you?
what is your name,I'm your virtual assistant. How can I help?
how to boost immunity,"Eat fruits, exercise, and drink plenty of water."
best exercises for weight loss,"Cardio, strength training, and HIIT workouts."
hey,Hey! What can I do for you?
who created you,I was built by an amazing developer to assist you!
what are common cold symptoms,"Sneezing, runny nose, and sore throat."
best exercises for weight loss,"Cardio, strength training, and HIIT workouts."
good evening,Good evening! How can I assist you?
what's up,"Not much, just here to assist you!"
how to relieve stress,"Try meditation, deep breathing, and regular exercise."
best exercises for weight loss,"Cardio, strength training, and HIIT workouts."
hey,Hey! What can I do for you?
how old are you,"I don't age, but I keep getting smarter every day!"
what are common cold symptoms,"Sneezing, runny nose, and sore throat."
best exercises for weight loss,"Cardio, strength training, and HIIT workouts."
hey,Hey! What can I do for you?
how old are you,"I don't age, but I keep getting smarter every day!"
what are the signs of flu,"Fever, chills, body aches, and fatigue."
how to sleep better,"Reduce screen time, maintain a sleep schedule, and relax before bed."
hello,Hi there! Need any help?
what's up,"Not much, just here to assist you!"
how do I stay healthy,"Eat well, exercise regularly, and sleep well!"
best exercises for weight loss,"Cardio, strength training, and HIIT workouts."
good evening,Good evening! How can I assist you?
who created you,I was built by an amazing developer to assist you!
how to boost immunity,"Eat fruits, exercise, and drink plenty of water."
best exercises for weight loss,"Cardio, strength training, and HIIT workouts."
hey,Hey! What can I do for you?
who created you,I was built by an amazing developer to assist you!
what are the signs of flu,"Fever, chills, body aches, and fatigue."
what to do for a headache,"Drink water, rest, and avoid screen time."
good evening,Good evening! How can I assist you?
what is your name,I'm your virtual assistant. How can I help?
how to boost immunity,"Eat fruits, exercise, and drink plenty of water."
how to treat a sore throat,Gargle with warm salt water and drink honey tea.
good evening,Good evening! How can I assist you?
what is your name,I'm your virtual assistant. How can I help?
how do I stay healthy,"Eat well, exercise regularly, and sleep well!"
what to do for a headache,"Drink water, rest, and avoid screen time."
hi,Hello! How can I assist you today?
what is your name,I'm your virtual assistant. How can I help?
how to relieve stress,"Try meditation, deep breathing, and regular exercise."
how to treat a sore throat,Gargle with warm salt water and drink honey tea.
good morning,Good morning! How’s your day going?
how old are you,"I don't age, but I keep getting smarter every day!"
how to relieve stress,"Try meditation, deep breathing, and regular exercise."
best foods for digestion,"Fiber-rich foods like oats, bananas, and yogurt."
hi,Hello! How can I assist you today?
how old are you,"I don't age, but I keep getting smarter every day!"
what are the signs of flu,"Fever, chills, body aches, and fatigue."
best exercises for weight loss,"Cardio, strength training, and HIIT workouts."
hello,Hi there! Need any help?
how old are you,"I don't age, but I keep getting smarter every day!"
what are common cold symptoms,"Sneezing, runny nose, and sore throat."
what to do for a headache,"Drink water, rest, and avoid screen time."
good evening,Good evening! How can I assist you?
what's up,"Not much, just here to assist you!"
how do I stay healthy,"Eat well, exercise regularly, and sleep well!"
how to sleep better,"Reduce screen time, maintain a sleep schedule, and relax before bed."
good evening,Good evening! How can I assist you?
how old are you,"I don't age, but I keep getting smarter every day!"
what are the signs of flu,"Fever, chills, body aches, and fatigue."
best exercises for weight loss,"Cardio, strength training, and HIIT workouts."
good evening,Good evening! How can I assist you?
how are you,"I'm just a bot, but I'm doing great! How about you?"
how to boost immunity,"Eat fruits, exercise, and drink plenty of water."
best foods for digestion,"Fiber-rich foods like oats, bananas, and yogurt."
hello,Hi there! Need any help?
how old are you,"I don't age, but I keep getting smarter every day!"
how to relieve stress,"Try meditation, deep breathing, and regular exercise."
how to treat a sore throat,Gargle with warm salt water and drink honey tea.
good morning,Good morning! How’s your day going?
what is your name,I'm your virtual assistant. How can I help?
how do I stay healthy,"Eat well, exercise regularly, and sleep well!"
what to do for a headache,"Drink water, rest, and avoid screen time."
hello,Hi there! Need any help?
what's up,"Not much, just here to assist you!"
what are the signs of flu,"Fever, chills, body aches, and fatigue."
best foods for digestion,"Fiber-rich foods like oats, bananas, and yogurt."
good evening,Good evening! How can I assist you?
how are you,"I'm just a bot, but I'm doing great! How about you?"
what are common cold symptoms,"Sneezing, runny nose, and sore throat."
best foods for digestion,"Fiber-rich foods like oats, bananas, and yogurt."
hey,Hey! What can I do for you?
who created you,I was built by an amazing developer to assist you!
what are the signs of flu,"Fever, chills, body aches, and fatigue."
best exercises for weight loss,"Cardio, strength training, and HIIT workouts."
hey,Hey! What can I do for you?
who created you,I was built by an amazing developer to assist you!
how to boost immunity,"Eat fruits, exercise, and drink plenty of water."
how to treat a sore throat,Gargle with warm salt water and drink honey tea.
hello,Hi there! Need any help?
what is your name,I'm your virtual assistant. How can I help?
what are the signs of flu,"Fever, chills, body aches, and fatigue."
best foods for digestion,"Fiber-rich foods like oats, bananas, and yogurt."
good morning,Good morning! How’s your day going?
who created you,I was built by an amazing developer to assist you!
how to relieve stress,"Try meditation, deep breathing, and regular exercise."
how to treat a sore throat,Gargle with warm salt water and drink honey tea.
hello,Hi there! Need any help?
what is your name,I'm your virtual assistant. How can I help?
how to relieve stress,"Try meditation, deep breathing, and regular exercise."
how to sleep better,"Reduce screen time, maintain a sleep schedule, and relax before bed."
hello,Hi there! Need any help?
what is your name,I'm your virtual assistant. How can I help?
what are common cold symptoms,"Sneezing, runny nose, and sore throat."
best exercises for weight loss,"Cardio, strength training, and HIIT workouts."
good evening,Good evening! How can I assist you?
what's up,"Not much, just here to assist you!"
how to relieve stress,"Try meditation, deep breathing, and regular exercise."
what to do for a headache,"Drink water, rest, and avoid screen time."
hello,Hi there! Need any help?
how are you,"I'm just a bot, but I'm doing great! How about you?"
how to boost immunity,"Eat fruits, exercise, and drink plenty of water."
best exercises for weight loss,"Cardio, strength training, and HIIT workouts."
good morning,Good morning! How’s your day going?
who created you,I was built by an amazing developer to assist you!
what are common cold symptoms,"Sneezing, runny nose, and sore throat."
how to treat a sore throat,Gargle with warm salt water and drink honey tea.
hello,Hi there! Need any help?
how are you,"I'm just a bot, but I'm doing great! How about you?"
what are the signs of flu,"Fever, chills, body aches, and fatigue."
how to treat a sore throat,Gargle with warm salt water and drink honey tea.
hi,Hello! How can I assist you today?
how are you,"I'm just a bot, but I'm doing great! How about you?"
how do I stay healthy,"Eat well, exercise regularly, and sleep well!"
how to sleep better,"Reduce screen time, maintain a sleep schedule, and relax before bed."
hi,Hello! How can I assist you today?
how old are you,"I don't age, but I keep getting smarter every day!"
how do I stay healthy,"Eat well, exercise regularly, and sleep well!"
best exercises for weight loss,"Cardio, strength training, and HIIT workouts."
hello,Hi there! Need any help?
what's up,"Not much, just here to assist you!"
how to relieve stress,"Try meditation, deep breathing, and regular exercise."
how to treat a sore throat,Gargle with warm salt water and drink honey tea.
hey,Hey! What can I do for you?
who created you,I was built by an amazing developer to assist you!
how do I stay healthy,"Eat well, exercise regularly, and sleep well!"
how to treat a sore throat,Gargle with warm salt water and drink honey tea.
good morning,Good morning! How’s your day going?
how old are you,"I don't age, but I keep getting smarter every day!"
how to relieve stress,"Try meditation, deep breathing, and regular exercise."
how to treat a sore throat,Gargle with warm salt water and drink honey tea.
hi,Hello! How can I assist you today?
how old are you,"I don't age, but I keep getting smarter every day!"
what are the signs of flu,"Fever, chills, body aches, and fatigue."
what to do for a headache,"Drink water, rest, and avoid screen time."
hi,Hello! How can I assist you today?
what's up,"Not much, just here to assist you!"
how to relieve stress,"Try meditation, deep breathing, and regular exercise."
best exercises for weight loss,"Cardio, strength training, and HIIT workouts."
hello,Hi there! Need any help?
what's up,"Not much, just here to assist you!"
how to relieve stress,"Try meditation, deep breathing, and regular exercise."
best foods for digestion,"Fiber-rich foods like oats, bananas, and yogurt."
hi,Hello! How can I assist you today?
how are you,"I'm just a bot, but I'm doing great! How about you?"
how to boost immunity,"Eat fruits, exercise, and drink plenty of water."
best exercises for weight loss,"Cardio, strength training, and HIIT workouts."
hi,Hello! How can I assist you today?
how old are you,"I don't age, but I keep getting smarter every day!"
how do I stay healthy,"Eat well, exercise regularly, and sleep well!"
what to do for a headache,"Drink water, rest, and avoid screen time."
hello,Hi there! Need any help?
who created you,I was built by an amazing developer to assist you!
what are common cold symptoms,"Sneezing, runny nose, and sore throat."
how to sleep better,"Reduce screen time, maintain a sleep schedule, and relax before bed."
hello,Hi there! Need any help?
how are you,"I'm just a bot, but I'm doing great! How about you?"
how to boost immunity,"Eat fruits, exercise, and drink plenty of water."
best exercises for weight loss,"Cardio, strength training, and HIIT workouts."
hi,Hello! How can I assist you today?
what is your name,I'm your virtual assistant. How can I help?
how to boost immunity,"Eat fruits, exercise, and drink plenty of water."
what to do for a headache,"Drink water, rest, and avoid screen time."
good evening,Good evening! How can I assist you?
who created you,I was built by an amazing developer to assist you!
how to relieve stress,"Try meditation, deep breathing, and regular exercise."
how to treat a sore throat,Gargle with warm salt water and drink honey tea.
hey,Hey! What can I do for you?
who created you,I was built by an amazing developer to assist you!
what are common cold symptoms,"Sneezing, runny nose, and sore throat."
what to do for a headache,"Drink water, rest, and avoid screen time."
hello,Hi there! Need any help?
what is your name,I'm your virtual assistant. How can I help?
what are the signs of flu,"Fever, chills, body aches, and fatigue."
best exercises for weight loss,"Cardio, strength training, and HIIT workouts."
hi,Hello! How can I assist you today?
how old are you,"I don't age, but I keep getting smarter every day!"
what are the signs of flu,"Fever, chills, body aches, and fatigue."
best foods for digestion,"Fiber-rich foods like oats, bananas, and yogurt."
hi,Hello! How can I assist you today?
what's up,"Not much, just here to assist you!"
what are the signs of flu,"Fever, chills, body aches, and fatigue."
how to sleep better,"Reduce screen time, maintain a sleep schedule, and relax before bed."
hey,Hey! What can I do for you?
how are you,"I'm just a bot, but I'm doing great! How about you?"
what are the signs of flu,"Fever, chills, body aches, and fatigue."
best exercises for weight loss,"Cardio, strength training, and HIIT workouts."
hey,Hey! What can I do for you?
who created you,I was built by an amazing developer to assist you!
how to boost immunity,"Eat fruits, exercise, and drink plenty of water."
how to treat a sore throat,Gargle with warm salt water and drink honey tea.
good morning,Good morning! How’s your day going?
how are you,"I'm just a bot, but I'm doing great! How about you?"
how do I stay healthy,"Eat well, exercise regularly, and sleep well!"
best foods for digestion,"Fiber-rich foods like oats, bananas, and yogurt."
good evening,Good evening! How can I assist you?
who created you,I was built by an amazing developer to assist you!
how to relieve stress,"Try meditation, deep breathing, and regular exercise."
how to treat a sore throat,Gargle with warm salt water and drink honey tea.
hey,Hey! What can I do for you?
how old are you,"I don't age, but I keep getting smarter every day!"
what are common cold symptoms,"Sneezing, runny nose, and sore throat."
best foods for digestion,"Fiber-rich foods like oats, bananas, and yogurt."
hi,Hello! How can I assist you today?
how are you,"I'm just a bot, but I'm doing great! How about you?"
how do I stay healthy,"Eat well, exercise regularly, and sleep well!"
best foods for digestion,"Fiber-rich foods like oats, bananas, and yogurt."
good morning,Good morning! How’s your day going?
what's up,"Not much, just here to assist you!"
what are common cold symptoms,"Sneezing, runny nose, and sore throat."
how to treat a sore throat,Gargle with warm salt water and drink honey tea.
hi,Hello! How can I assist you today?
what is your name,I'm your virtual assistant. How can I help?
how do I stay healthy,"Eat well, exercise regularly, and sleep well!"
best exercises for weight loss,"Cardio, strength training, and HIIT workouts."
hey,Hey! What can I do for you?
what is your name,I'm your virtual assistant. How can I help?
what are common cold symptoms,"Sneezing, runny nose, and sore throat."
best foods for digestion,"Fiber-rich foods like oats, bananas, and yogurt."
hey,Hey! What can I do for you?
what's up,"Not much, just here to assist you!"
what are the signs of flu,"Fever, chills, body aches, and fatigue."
best foods for digestion,"Fiber-rich foods like oats, bananas, and yogurt."
hi,Hello! How can I assist you today?
how old are you,"I don't age, but I keep getting smarter every day!"
what are common cold symptoms,"Sneezing, runny nose, and sore throat."
how to treat a sore throat,Gargle with warm salt water and drink honey tea.
hi,Hello! How can I assist you today?
how are you,"I'm just a bot, but I'm doing great! How about you?"
how to boost immunity,"Eat fruits, exercise, and drink plenty of water."
best foods for digestion,"Fiber-rich foods like oats, bananas, and yogurt."
good morning,Good morning! How’s your day going?
how old are you,"I don't age, but I keep getting smarter every day!"
how to relieve stress,"Try meditation, deep breathing, and regular exercise."
best foods for digestion,"Fiber-rich foods like oats, bananas, and yogurt."
hello,Hi there! Need any help?
how are you,"I'm just a bot, but I'm doing great! How about you?"
what are common cold symptoms,"Sneezing, runny nose, and sore throat."
best foods for digestion,"Fiber-rich foods like oats, bananas, and yogurt."
hello,Hi there! Need any help?
what's up,"Not much, just here to assist you!"
how to boost immunity,"Eat fruits, exercise, and drink plenty of water."
best exercises for weight loss,"Cardio, strength training, and HIIT workouts."
hello,Hi there! Need any help?
what is your name,I'm your virtual assistant. How can I help?
what are common cold symptoms,"Sneezing, runny nose, and sore throat."
how to treat a sore throat,Gargle with warm salt water and drink honey tea.
hey,Hey! What can I do for you?
what is your name,I'm your virtual assistant. How can I help?
how to boost immunity,"Eat fruits, exercise, and drink plenty of water."
what to do for a headache,"Drink water, rest, and avoid screen time."
good morning,Good morning! How’s your day going?
how old are you,"I don't age, but I keep getting smarter every day!"
how to relieve stress,"Try meditation, deep breathing, and regular exercise."
what to do for a headache,"Drink water, rest, and avoid screen time."
good evening,Good evening! How can I assist you?
what is your name,I'm your virtual assistant. How can I help?
what are common cold symptoms,"Sneezing, runny nose, and sore throat."
what to do for a headache,"Drink water, rest, and avoid screen time."
hey,Hey! What can I do for you?
who created you,I was built by an amazing developer to assist you!
what are the signs of flu,"Fever, chills, body aches, and fatigue."
how to sleep better,"Reduce screen time, maintain a sleep schedule, and relax before bed."
hello,Hi there! Need any help?
what is your name,I'm your virtual assistant. How can I help?
how do I stay healthy,"Eat well, exercise regularly, and sleep well!"
best exercises for weight loss,"Cardio, strength training, and HIIT workouts."
hi,Hello! How can I assist you today?
who created you,I was built by an amazing developer to assist you!
what are common cold symptoms,"Sneezing, runny nose, and sore throat."
best exercises for weight loss,"Cardio, strength training, and HIIT workouts."
good evening,Good evening! How can I assist you?
what's up,"Not much, just here to assist you!"
how do I stay healthy,"Eat well, exercise regularly, and sleep well!"
best foods for digestion,"Fiber-rich foods like oats, bananas, and yogurt."
good morning,Good morning! How’s your day going?
how old are you,"I don't age, but I keep getting smarter every day!"
how to relieve stress,"Try meditation, deep breathing, and regular exercise."
what to do for a headache,"Drink water, rest, and avoid screen time."
good morning,Good morning! How’s your day going?
what's up,"Not much, just here to assist you!"
how to boost immunity,"Eat fruits, exercise, and drink plenty of water."
best foods for digestion,"Fiber-rich foods like oats, bananas, and yogurt."
hey,Hey! What can I do for you?
what's up,"Not much, just here to assist you!"
how to boost immunity,"Eat fruits, exercise, and drink plenty of water."
how to treat a sore throat,Gargle with warm salt water and drink honey tea.
hey,Hey! What can I do for you?
how are you,"I'm just a bot, but I'm doing great! How about you?"
what are common cold symptoms,"Sneezing, runny nose, and sore throat."
best exercises for weight loss,"Cardio, strength training, and HIIT workouts."
hi,Hello! How can I assist you today?
what is your name,I'm your virtual assistant. How can I help?
what are common cold symptoms,"Sneezing, runny nose, and sore throat."
how to treat a sore throat,Gargle with warm salt water and drink honey tea.
hi,Hello! How can I assist you today?
how are you,"I'm just a bot, but I'm doing great! How about you?"
what are common cold symptoms,"Sneezing, runny nose, and sore throat."
how to sleep better,"Reduce screen time, maintain a sleep schedule, and relax before bed."
good morning,Good morning! How’s your day going?
what is your name,I'm your virtual assistant. How can I help?
how to relieve stress,"Try meditation, deep breathing, and regular exercise."
best foods for digestion,"Fiber-rich foods like oats, bananas, and yogurt."
good morning,Good morning! How’s your day going?
how are you,"I'm just a bot, but I'm doing great! How about you?"
how to relieve stress,"Try meditation, deep breathing, and regular exercise."
how to sleep better,"Reduce screen time, maintain a sleep schedule, and relax before bed."
hello,Hi there! Need any help?
how are you,"I'm just a bot, but I'm doing great! How about you?"
how to relieve stress,"Try meditation, deep breathing, and regular exercise."
how to treat a sore throat,Gargle with warm salt water and drink honey tea.
hey,Hey! What can I do for you?
what's up,"Not much, just here to assist you!"
how to relieve stress,"Try meditation, deep breathing, and regular exercise."
best foods for digestion,"Fiber-rich foods like oats, bananas, and yogurt."
hey,Hey! What can I do for you?
what's up,"Not much, just here to assist you!"
how do I stay healthy,"Eat well, exercise regularly, and sleep well!"
what to do for a headache,"Drink water, rest, and avoid screen time."
hello,Hi there! Need any help?
how old are you,"I don't age, but I keep getting smarter every day!"
how do I stay healthy,"Eat well, exercise regularly, and sleep well!"
best exercises for weight loss,"Cardio, strength training, and HIIT workouts."
hi,Hello! How can I assist you today?
how old are you,"I don't age, but I keep getting smarter every day!"
what are the signs of flu,"Fever, chills, body aches, and fatigue."
best exercises for weight loss,"Cardio, strength training, and HIIT workouts."
good morning,Good morning! How’s your day going?
how old are you,"I don't age, but I keep getting smarter every day!"
how do I stay healthy,"Eat well, exercise regularly, and sleep well!"
how to treat a sore throat,Gargle with warm salt water and drink honey tea.
hey,Hey! What can I do for you?
what is your name,I'm your virtual assistant. How can I help?
what are common cold symptoms,"Sneezing, runny nose, and sore throat."
best foods for digestion,"Fiber-rich foods like oats, bananas, and yogurt."
hi,Hello! How can I assist you today?
who created you,I was built by an amazing developer to assist you!
what are the signs of flu,"Fever, chills, body aches, and fatigue."
best exercises for weight loss,"Cardio, strength training, and HIIT workouts."
hello,Hi there! Need any help?
how old are you,"I don't age, but I keep getting smarter every day!"
how do I stay healthy,"Eat well, exercise regularly, and sleep well!"
how to treat a sore throat,Gargle with warm salt water and drink honey tea.
hey,Hey! What can I do for you?
what's up,"Not much, just here to assist you!"
what are common cold symptoms,"Sneezing, runny nose, and sore throat."
best foods for digestion,"Fiber-rich foods like oats, bananas, and yogurt."
good morning,Good morning! How’s your day going?
who created you,I was built by an amazing developer to assist you!
how do I stay healthy,"Eat well, exercise regularly, and sleep well!"
best foods for digestion,"Fiber-rich foods like oats, bananas, and yogurt."
hi,Hello! How can I assist you today?
how are you,"I'm just a bot, but I'm doing great! How about you?"
what are common cold symptoms,"Sneezing, runny nose, and sore throat."
how to sleep better,"Reduce screen time, maintain a sleep schedule, and relax before bed."
hey,Hey! What can I do for you?
what is your name,I'm your virtual assistant. How can I help?
what are the signs of flu,"Fever, chills, body aches, and fatigue."
best exercises for weight loss,"Cardio, strength training, and HIIT workouts."
hi,Hello! How can I assist you today?
what's up,"Not much, just here to assist you!"
what are common cold symptoms,"Sneezing, runny nose, and sore throat."
how to sleep better,"Reduce screen time, maintain a sleep schedule, and relax before bed."
hello,Hi there! Need any help?
who created you,I was built by an amazing developer to assist you!
what are the signs of flu,"Fever, chills, body aches, and fatigue."
best exercises for weight loss,"Cardio, strength training, and HIIT workouts."
good evening,Good evening! How can I assist you?
what's up,"Not much, just here to assist you!"
what are common cold symptoms,"Sneezing, runny nose, and sore throat."
what to do for a headache,"Drink water, rest, and avoid screen time."
good evening,Good evening! How can I assist you?
what's up,"Not much, just here to assist you!"
how to boost immunity,"Eat fruits, exercise, and drink plenty of water."
how to sleep better,"Reduce screen time, maintain a sleep schedule, and relax before bed."
hi,Hello! How can I assist you today?
how are you,"I'm just a bot, but I'm doing great! How about you?"
what are the signs of flu,"Fever, chills, body aches, and fatigue."
how to sleep better,"Reduce screen time, maintain a sleep schedule, and relax before bed."
hey,Hey! What can I do for you?
what's up,"Not much, just here to assist you!"
how to boost immunity,"Eat fruits, exercise, and drink plenty of water."
what to do for a headache,"Drink water, rest, and avoid screen time."
hi,Hello! How can I assist you today?
who created you,I was built by an amazing developer to assist you!
how to relieve stress,"Try meditation, deep breathing, and regular exercise."
how to sleep better,"Reduce screen time, maintain a sleep schedule, and relax before bed."
hello,Hi there! Need any help?
what is your name,I'm your virtual assistant. How can I help?
how to relieve stress,"Try meditation, deep breathing, and regular exercise."
how to treat a sore throat,Gargle with warm salt water and drink honey tea.
good evening,Good evening! How can I assist you?
who created you,I was built by an amazing developer to assist you!
what are the signs of flu,"Fever, chills, body aches, and fatigue."
how to treat a sore throat,Gargle with warm salt water and drink honey tea.
hi,Hello! How can I assist you today?
what is your name,I'm your virtual assistant. How can I help?
what are the signs of flu,"Fever, chills, body aches, and fatigue."
how to treat a sore throat,Gargle with warm salt water and drink honey tea.
good evening,Good evening! How can I assist you?
how old are you,"I don't age, but I keep getting smarter every day!"
what are common cold symptoms,"Sneezing, runny nose, and sore throat."
what to do for a headache,"Drink water, rest, and avoid screen time."
hey,Hey! What can I do for you?
what is your name,I'm your virtual assistant. How can I help?
how to relieve stress,"Try meditation, deep breathing, and regular exercise."
what to do for a headache,"Drink water, rest, and avoid screen time."
hi,Hello! How can I assist you today?
what's up,"Not much, just here to assist you!"
how to relieve stress,"Try meditation, deep breathing, and regular exercise."
how to treat a sore throat,Gargle with warm salt water and drink honey tea.
hello,Hi there! Need any help?
what is your name,I'm your virtual assistant. How can I help?
how do I stay healthy,"Eat well, exercise regularly, and sleep well!"
best exercises for weight loss,"Cardio, strength training, and HIIT workouts."
good evening,Good evening! How can I assist you?
how old are you,"I don't age, but I keep getting smarter every day!"
how to relieve stress,"Try meditation, deep breathing, and regular exercise."
how to sleep better,"Reduce screen time, maintain a sleep schedule, and relax before bed."
hey,Hey! What can I do for you?
what is your name,I'm your virtual assistant. How can I help?
how to boost immunity,"Eat fruits, exercise, and drink plenty of water."
best foods for digestion,"Fiber-rich foods like oats, bananas, and yogurt."
good morning,Good morning! How’s your day going?
how are you,"I'm just a bot, but I'm doing great! How about you?"
how do I stay healthy,"Eat well, exercise regularly, and sleep well!"
how to sleep better,"Reduce screen time, maintain a sleep schedule, and relax before bed."
good morning,Good morning! How’s your day going?
who created you,I was built by an amazing developer to assist you!
what are common cold symptoms,"Sneezing, runny nose, and sore throat."
how to sleep better,"Reduce screen time, maintain a sleep schedule, and relax before bed."
hi,Hello! How can I assist you today?
how old are you,"I don't age, but I keep getting smarter every day!"
how to relieve stress,"Try meditation, deep breathing, and regular exercise."
what to do for a headache,"Drink water, rest, and avoid screen time."
good morning,Good morning! How’s your day going?
how are you,"I'm just a bot, but I'm doing great! How about you?"
how to boost immunity,"Eat fruits, exercise, and drink plenty of water."
best exercises for weight loss,"Cardio, strength training, and HIIT workouts."
hello,Hi there! Need any help?
what's up,"Not much, just here to assist you!"
how to relieve stress,"Try meditation, deep breathing, and regular exercise."
how to treat a sore throat,Gargle with warm salt water and drink honey tea.
hello,Hi there! Need any help?
who created you,I was built by an amazing developer to assist you!
how to boost immunity,"Eat fruits, exercise, and drink plenty of water."
how to treat a sore throat,Gargle with warm salt water and drink honey tea.
good morning,Good morning! How’s your day going?
what is your name,I'm your virtual assistant. How can I help?
what are the signs of flu,"Fever, chills, body aches, and fatigue."
best exercises for weight loss,"Cardio, strength training, and HIIT workouts."
hi,Hello! How can I assist you today?
what's up,"Not much, just here to assist you!"
what are the signs of flu,"Fever, chills, body aches, and fatigue."
how to sleep better,"Reduce screen time, maintain a sleep schedule, and relax before bed."
hi,Hello! How can I assist you today?
how old are you,"I don't age, but I keep getting smarter every day!"
what are the signs of flu,"Fever, chills, body aches, and fatigue."
what to do for a headache,"Drink water, rest, and avoid screen time."
hello,Hi there! Need any help?
what is your name,I'm your virtual assistant. How can I help?
how do I stay healthy,"Eat well, exercise regularly, and sleep well!"
best foods for digestion,"Fiber-rich foods like oats, bananas, and yogurt."
good evening,Good evening! How can I assist you?
how are you,"I'm just a bot, but I'm doing great! How about you?"
how do I stay healthy,"Eat well, exercise regularly, and sleep well!"
what to do for a headache,"Drink water, rest, and avoid screen time."
good evening,Good evening! How can I assist you?
what is your name,I'm your virtual assistant. How can I help?
how do I stay healthy,"Eat well, exercise regularly, and sleep well!"
best foods for digestion,"Fiber-rich foods like oats, bananas, and yogurt."
hi,Hello! How can I assist you today?
what's up,"Not much, just here to assist you!"
how to boost immunity,"Eat fruits, exercise, and drink plenty of water."
best exercises for weight loss,"Cardio, strength training, and HIIT workouts."
hello,Hi there! Need any help?
what is your name,I'm your virtual assistant. How can I help?
how to relieve stress,"Try meditation, deep breathing, and regular exercise."
how to sleep better,"Reduce screen time, maintain a sleep schedule, and relax before bed."
good evening,Good evening! How can I assist you?
how old are you,"I don't age, but I keep getting smarter every day!"
how do I stay healthy,"Eat well, exercise regularly, and sleep well!"
best foods for digestion,"Fiber-rich foods like oats, bananas, and yogurt."
hello,Hi there! Need any help?
how are you,"I'm just a bot, but I'm doing great! How about you?"
how do I stay healthy,"Eat well, exercise regularly, and sleep well!"
how to sleep better,"Reduce screen time, maintain a sleep schedule, and relax before bed."
hello,Hi there! Need any help?
what's up,"Not much, just here to assist you!"
how do I stay healthy,"Eat well, exercise regularly, and sleep well!"
what to do for a headache,"Drink water, rest, and avoid screen time."
hi,Hello! How can I assist you today?
what is your name,I'm your virtual assistant. How can I help?
how to relieve stress,"Try meditation, deep breathing, and regular exercise."
how to sleep better,"Reduce screen time, maintain a sleep schedule, and relax before bed."
hello,Hi there! Need any help?
what's up,"Not much, just here to assist you!"
how to relieve stress,"Try meditation, deep breathing, and regular exercise."
what to do for a headache,"Drink water, rest, and avoid screen time."
good morning,Good morning! How’s your day going?
how are you,"I'm just a bot, but I'm doing great! How about you?"
how to boost immunity,"Eat fruits, exercise, and drink plenty of water."
best exercises for weight loss,"Cardio, strength training, and HIIT workouts."
hi,Hello! How can I assist you today?
who created you,I was built by an amazing developer to assist you!
how do I stay healthy,"Eat well, exercise regularly, and sleep well!"
how to sleep better,"Reduce screen time, maintain a sleep schedule, and relax before bed."
good evening,Good evening! How can I assist you?
who created you,I was built by an amazing developer to assist you!
what are common cold symptoms,"Sneezing, runny nose, and sore throat."
best exercises for weight loss,"Cardio, strength training, and HIIT workouts."
hey,Hey! What can I do for you?
how old are you,"I don't age, but I keep getting smarter every day!"
how do I stay healthy,"Eat well, exercise regularly, and sleep well!"
how to treat a sore throat,Gargle with warm salt water and drink honey tea.
hello,Hi there! Need any help?
how are you,"I'm just a bot, but I'm doing great! How about you?"
what are common cold symptoms,"Sneezing, runny nose, and sore throat."
how to sleep better,"Reduce screen time, maintain a sleep schedule, and relax before bed."
good evening,Good evening! How can I assist you?
how are you,"I'm just a bot, but I'm doing great! How about you?"
what are the signs of flu,"Fever, chills, body aches, and fatigue."
how to sleep better,"Reduce screen time, maintain a sleep schedule, and relax before bed."
hey,Hey! What can I do for you?
how are you,"I'm just a bot, but I'm doing great! How about you?"
how do I stay healthy,"Eat well, exercise regularly, and sleep well!"
best foods for digestion,"Fiber-rich foods like oats, bananas, and yogurt."
good morning,Good morning! How’s your day going?
who created you,I was built by an amazing developer to assist you!
how to relieve stress,"Try meditation, deep breathing, and regular exercise."
what to do for a headache,"Drink water, rest, and avoid screen time."
hello,Hi there! Need any help?
how old are you,"I don't age, but I keep getting smarter every day!"
how to boost immunity,"Eat fruits, exercise, and drink plenty of water."
best foods for digestion,"Fiber-rich foods like oats, bananas, and yogurt."
good evening,Good evening! How can I assist you?
what is your name,I'm your virtual assistant. How can I help?
how to relieve stress,"Try meditation, deep breathing, and regular exercise."
best foods for digestion,"Fiber-rich foods like oats, bananas, and yogurt."
hey,Hey! What can I do for you?
who created you,I was built by an amazing developer to assist you!
how to relieve stress,"Try meditation, deep breathing, and regular exercise."
how to treat a sore throat,Gargle with warm salt water and drink honey tea.
hello,Hi there! Need any help?
what is your name,I'm your virtual assistant. How can I help?
how do I stay healthy,"Eat well, exercise regularly, and sleep well!"
best foods for digestion,"Fiber-rich foods like oats, bananas, and yogurt."
hi,Hello! How can I assist you today?
what's up,"Not much, just here to assist you!"
what are the signs of flu,"Fever, chills, body aches, and fatigue."
how to sleep better,"Reduce screen time, maintain a sleep schedule, and relax before bed."
hello,Hi there! Need any help?
what's up,"Not much, just here to assist you!"
what are the signs of flu,"Fever, chills, body aches, and fatigue."
best exercises for weight loss,"Cardio, strength training, and HIIT workouts."
hey,Hey! What can I do for you?
what's up,"Not much, just here to assist you!"
what are common cold symptoms,"Sneezing, runny nose, and sore throat."
how to sleep better,"Reduce screen time, maintain a sleep schedule, and relax before bed."
hey,Hey! What can I do for you?
how old are you,"I don't age, but I keep getting smarter every day!"
how to boost immunity,"Eat fruits, exercise, and drink plenty of water."
best foods for digestion,"Fiber-rich foods like oats, bananas, and yogurt."
hey,Hey! What can I do for you?
what's up,"Not much, just here to assist you!"
how to boost immunity,"Eat fruits, exercise, and drink plenty of water."
how to sleep better,"Reduce screen time, maintain a sleep schedule, and relax before bed."
hello,Hi there! Need any help?
what is your name,I'm your virtual assistant. How can I help?
what are the signs of flu,"Fever, chills, body aches, and fatigue."
what to do for a headache,"Drink water, rest, and avoid screen time."
hello,Hi there! Need any help?
how are you,"I'm just a bot, but I'm doing great! How about you?"
how to boost immunity,"Eat fruits, exercise, and drink plenty of water."
how to treat a sore throat,Gargle with warm salt water and drink honey tea.
hello,Hi there! Need any help?
what is your name,I'm your virtual assistant. How can I help?
how to relieve stress,"Try meditation, deep breathing, and regular exercise."
what to do for a headache,"Drink water, rest, and avoid screen time."
good morning,Good morning! How’s your day going?
who created you,I was built by an amazing developer to assist you!
how to boost immunity,"Eat fruits, exercise, and drink plenty of water."
what to do for a headache,"Drink water, rest, and avoid screen time."
good evening,Good evening! How can I assist you?
how are you,"I'm just a bot, but I'm doing great! How about you?"
how do I stay healthy,"Eat well, exercise regularly, and sleep well!"
best foods for digestion,"Fiber-rich foods like oats, bananas, and yogurt."
hey,Hey! What can I do for you?
who created you,I was built by an amazing developer to assist you!
how to relieve stress,"Try meditation, deep breathing, and regular exercise."
how to treat a sore throat,Gargle with warm salt water and drink honey tea.
good morning,Good morning! How’s your day going?
how are you,"I'm just a bot, but I'm doing great! How about you?"
what are the signs of flu,"Fever, chills, body aches, and fatigue."
what to do for a headache,"Drink water, rest, and avoid screen time."
hello,Hi there! Need any help?
what's up,"Not much, just here to assist you!"
how to boost immunity,"Eat fruits, exercise, and drink plenty of water."
best foods for digestion,"Fiber-rich foods like oats, bananas, and yogurt."
hi,Hello! How can I assist you today?
who created you,I was built by an amazing developer to assist you!
how do I stay healthy,"Eat well, exercise regularly, and sleep well!"
best foods for digestion,"Fiber-rich foods like oats, bananas, and yogurt."
hello,Hi there! Need any help?
what's up,"Not much, just here to assist you!"
what are the signs of flu,"Fever, chills, body aches, and fatigue."
how to treat a sore throat,Gargle with warm salt water and drink honey tea.
hey,Hey! What can I do for you?
how are you,"I'm just a bot, but I'm doing great! How about you?"
how do I stay healthy,"Eat well, exercise regularly, and sleep well!"
best exercises for weight loss,"Cardio, strength training, and HIIT workouts."
hey,Hey! What can I do for you?
what's up,"Not much, just here to assist you!"
how to relieve stress,"Try meditation, deep breathing, and regular exercise."
how to sleep better,"Reduce screen time, maintain a sleep schedule, and relax before bed."
good evening,Good evening! How can I assist you?
what is your name,I'm your virtual assistant. How can I help?
how to relieve stress,"Try meditation, deep breathing, and regular exercise."
best foods for digestion,"Fiber-rich foods like oats, bananas, and yogurt."
good evening,Good evening! How can I assist you?
what's up,"Not much, just here to assist you!"
what are common cold symptoms,"Sneezing, runny nose, and sore throat."
how to treat a sore throat,Gargle with warm salt water and drink honey tea.
hi,Hello! How can I assist you today?
who created you,I was built by an amazing developer to assist you!
what are common cold symptoms,"Sneezing, runny nose, and sore throat."
best foods for digestion,"Fiber-rich foods like oats, bananas, and yogurt."
hi,Hello! How can I assist you today?
who created you,I was built by an amazing developer to assist you!
how do I stay healthy,"Eat well, exercise regularly, and sleep well!"
how to treat a sore throat,Gargle with warm salt water and drink honey tea.
hello,Hi there! Need any help?
how are you,"I'm just a bot, but I'm doing great! How about you?"
what are the signs of flu,"Fever, chills, body aches, and fatigue."
how to treat a sore throat,Gargle with warm salt water and drink honey tea.
good morning,Good morning! How’s your day going?
how old are you,"I don't age, but I keep getting smarter every day!"
how to boost immunity,"Eat fruits, exercise, and drink plenty of water."
how to sleep better,"Reduce screen time, maintain a sleep schedule, and relax before bed."
good morning,Good morning! How’s your day going?
how are you,"I'm just a bot, but I'm doing great! How about you?"
what are the signs of flu,"Fever, chills, body aches, and fatigue."
best exercises for weight loss,"Cardio, strength training, and HIIT workouts."
hey,Hey! What can I do for you?
what is your name,I'm your virtual assistant. How can I help?
what are the signs of flu,"Fever, chills, body aches, and fatigue."
what to do for a headache,"Drink water, rest, and avoid screen time."
hello,Hi there! Need any help?
how are you,"I'm just a bot, but I'm doing great! How about you?"
what are common cold symptoms,"Sneezing, runny nose, and sore throat."
how to sleep better,"Reduce screen time, maintain a sleep schedule, and relax before bed."
good morning,Good morning! How’s your day going?
what is your name,I'm your virtual assistant. How can I help?
how to relieve stress,"Try meditation, deep breathing, and regular exercise."
how to treat a sore throat,Gargle with warm salt water and drink honey tea.
hey,Hey! What can I do for you?
how old are you,"I don't age, but I keep getting smarter every day!"
what are common cold symptoms,"Sneezing, runny nose, and sore throat."
best exercises for weight loss,"Cardio, strength training, and HIIT workouts."
hey,Hey! What can I do for you?
who created you,I was built by an amazing developer to assist you!
how to boost immunity,"Eat fruits, exercise, and drink plenty of water."
best exercises for weight loss,"Cardio, strength training, and HIIT workouts."
good morning,Good morning! How’s your day going?
how old are you,"I don't age, but I keep getting smarter every day!"
how do I stay healthy,"Eat well, exercise regularly, and sleep well!"
how to treat a sore throat,Gargle with warm salt water and drink honey tea.
good morning,Good morning! How’s your day going?
who created you,I was built by an amazing developer to assist you!
what are common cold symptoms,"Sneezing, runny nose, and sore throat."
best foods for digestion,"Fiber-rich foods like oats, bananas, and yogurt."
hello,Hi there! Need any help?
how old are you,"I don't age, but I keep getting smarter every day!"
how to relieve stress,"Try meditation, deep breathing, and regular exercise."
how to treat a sore throat,Gargle with warm salt water and drink honey tea.
good morning,Good morning! How’s your day going?
how are you,"I'm just a bot, but I'm doing great! How about you?"
how do I stay healthy,"Eat well, exercise regularly, and sleep well!"
best exercises for weight loss,"Cardio, strength training, and HIIT workouts."
hello,Hi there! Need any help?
how old are you,"I don't age, but I keep getting smarter every day!"
how do I stay healthy,"Eat well, exercise regularly, and sleep well!"
best exercises for weight loss,"Cardio, strength training, and HIIT workouts."
hi,Hello! How can I assist you today?
what is your name,I'm your virtual assistant. How can I help?
how do I stay healthy,"Eat well, exercise regularly, and sleep well!"
what to do for a headache,"Drink water, rest, and avoid screen time."
good morning,Good morning! How’s your day going?
how are you,"I'm just a bot, but I'm doing great! How about you?"
how do I stay healthy,"Eat well, exercise regularly, and sleep well!"
how to sleep better,"Reduce screen time, maintain a sleep schedule, and relax before bed."
hey,Hey! What can I do for you?
what is your name,I'm your virtual assistant. How can I help?
how do I stay healthy,"Eat well, exercise regularly, and sleep well!"
best exercises for weight loss,"Cardio, strength training, and HIIT workouts."
good morning,Good morning! How’s your day going?
how are you,"I'm just a bot, but I'm doing great! How about you?"
how do I stay healthy,"Eat well, exercise regularly, and sleep well!"
how to sleep better,"Reduce screen time, maintain a sleep schedule, and relax before bed."
good morning,Good morning! How’s your day going?
what is your name,I'm your virtual assistant. How can I help?
how do I stay healthy,"Eat well, exercise regularly, and sleep well!"
how to sleep better,"Reduce screen time, maintain a sleep schedule, and relax before bed."
hello,Hi there! Need any help?
what's up,"Not much, just here to assist you!"
how to relieve stress,"Try meditation, deep breathing, and regular exercise."
best foods for digestion,"Fiber-rich foods like oats, bananas, and yogurt."
hi,Hello! How can I assist you today?
how are you,"I'm just a bot, but I'm doing great! How about you?"
how to relieve stress,"Try meditation, deep breathing, and regular exercise."
how to sleep better,"Reduce screen time, maintain a sleep schedule, and relax before bed."
hi,Hello! How can I assist you today?
how are you,"I'm just a bot, but I'm doing great! How about you?"
what are common cold symptoms,"Sneezing, runny nose, and sore throat."
what to do for a headache,"Drink water, rest, and avoid screen time."
hello,Hi there! Need any help?
how are you,"I'm just a bot, but I'm doing great! How about you?"
how to relieve stress,"Try meditation, deep breathing, and regular exercise."
what to do for a headache,"Drink water, rest, and avoid screen time."
good morning,Good morning! How’s your day going?
what is your name,I'm your virtual assistant. How can I help?
what are common cold symptoms,"Sneezing, runny nose, and sore throat."
best exercises for weight loss,"Cardio, strength training, and HIIT workouts."
hey,Hey! What can I do for you?
who created you,I was built by an amazing developer to assist you!
how to boost immunity,"Eat fruits, exercise, and drink plenty of water."
how to treat a sore throat,Gargle with warm salt water and drink honey tea.
hello,Hi there! Need any help?
what's up,"Not much, just here to assist you!"
what are common cold symptoms,"Sneezing, runny nose, and sore throat."
best exercises for weight loss,"Cardio, strength training, and HIIT workouts."
good evening,Good evening! How can I assist you?
what's up,"Not much, just here to assist you!"
what are the signs of flu,"Fever, chills, body aches, and fatigue."
how to treat a sore throat,Gargle with warm salt water and drink honey tea.
good morning,Good morning! How’s your day going?
who created you,I was built by an amazing developer to assist you!
how to relieve stress,"Try meditation, deep breathing, and regular exercise."
best foods for digestion,"Fiber-rich foods like oats, bananas, and yogurt."
